sites;Status;Emails trouvés;Réseaux sociaux;Dirigeant trouvé;Source du pattern;Email nominatif généré;Résultat SMTP;Serveur MX;Catch-all;Nb formats testés;Niveau de confiance
https://www.spa-autourdesoi.fr/;;zen@spa-autourdesoi.fr;https://www.facebook.com/AutourDeSoi/, https://www.facebook.com/AutourdeSoi/, https://www.facebook.com/autourdesoi, https://www.instagram.com/autourdesoi, https://www.instagram.com/autourdesoi/;;email nominatif déjà trouvé sur le site (format non identifié);;;;;0;
https://www.ycsl.net/la-richardais;;atelier@ycsl.net, communication@ycsl.net, ycsl@ycsl.net;https://www.facebook.com/CNRichardais, https://www.facebook.com/CNRichardais/?ref=nf, https://www.facebook.com/YCSL35/, https://www.instagram.com/centrenautiquelarichardais/, https://www.instagram.com/yacht_club_saint_lunaire/, https://www.instagram.com/yacht_club_saint_lunaire/?hl=fr;;email nominatif déjà trouvé sur le site (format non identifié);;;;;0;
https://www.coevrons.fr/article/piscine-de-bais;;jardinaquatique@coevrons.fr;https://www.facebook.com/lescoevrons, https://www.facebook.com/piscine.evron, https://www.facebook.com/sharer/sharer.php?u=https://www.coevrons.fr/sortir-bouger/sport/les-piscines-dete/, https://www.instagram.com/lescoevrons/;;email nominatif déjà trouvé sur le site (format non identifié);;;;;0;
https://vivierkot.com/;;contact@vivierkot.com, william@vivierkot.com;"https://www.facebook.com/profile.php?id=100064193343217&amp;locale=fr_FR, https://www.instagram.com/vivierkot/";;email nominatif déjà trouvé sur le site (format non identifié);;;;;0;
http://www.villafigueblanche.com/;;welcome@villafigueblanche.com;https://www.facebook.com/p/Villa-Figue-Blanche-100069942600874/, https://www.instagram.com/villafigueblanche/?hl=fr;;email nominatif déjà trouvé sur le site (format non identifié);;;;;0;
https://www.prieurechamonix.com/;;rgpd@prieurechamonix.com, welcome@prieurechamonix.com;https://www.facebook.com/chalethotelprieurechamonix, https://www.instagram.com/chaletleprieure_chamonix/?hl=fr;;email nominatif déjà trouvé sur le site (format non identifié);;;;;0;
http://www.parkhotelkatharina.de/;;welcome@parkhotelkatharina.de;https://www.facebook.com/parkhotelkatharina/, https://www.instagram.com/parkhotelkatharina/;;email nominatif déjà trouvé sur le site (format non identifié);;;;;0;
https://www.paradou.fr/;;welcome@paradou.fr;https://www.facebook.com/ParadouMediterranee, https://www.instagram.com/paradou_mediterranee/;;email nominatif déjà trouvé sur le site (format non identifié);;;;;0;
http://www.orangeriemontblanc.com/;;welcome@orangeriemontblanc.com;https://www.facebook.com/AubergeDeLOrangerie/, https://www.instagram.com/aubergedelorangeriebwplus/;;email nominatif déjà trouvé sur le site (format non identifié);;;;;0;
https://www.lerefugeentouraine.com/;;welcome@lerefugeentouraine.com;https://www.facebook.com/profile.php?id=61584108389047, https://www.instagram.com/lerefugeentouraine/;;email nominatif déjà trouvé sur le site (format non identifié);;;;;0;
http://lavalleebleue.jimdofree.com/;;;"http://www.facebook.com/sharer.php?u=https://lavalleebleue.jimdofree.com/&amp;t=La%20Vall%C3%A9e%20bleue, http://www.facebook.com/sharer.php?u=https://lavalleebleue.jimdofree.com/about/&amp;t=Mentions%20l%C3%A9gales, http://www.facebook.com/sharer.php?u=https://lavalleebleue.jimdofree.com/plan-contact/&amp;t=Plan%20%26%20Contact";;;;;;;0;
http://www.hoteltoureiffel.com/;;welcome@hoteltoureiffel.com;;;email nominatif déjà trouvé sur le site (format non identifié);;;;;0;
http://www.hotellesbarmes.com/;;welcome@hotellesbarmes.com;https://www.instagram.com/hotellesbarmes/;;email nominatif déjà trouvé sur le site (format non identifié);;;;;0;
https://www.hotel-lecantou354.com/?utm_source=google&utm_medium=organic&utm_campaign=fiche;;welcome@hotel-lecantou354.com;https://www.instagram.com/hotel_le_cantou_354/?hl=fr;;email nominatif déjà trouvé sur le site (format non identifié);;;;;0;
https://www.hotelducastellet.net/fr/spa.html;;spa@hotelducastellet.com, welcome@hotelducastellet.com;;;email nominatif déjà trouvé sur le site (format non identifié);;;;;0;
http://www.hotel-christiania.com/;;welcome@hotel-christiania.com;;;email nominatif déjà trouvé sur le site (format non identifié);;;;;0;
https://www.gite-savoie-hakunamatata.com/;;welcome@gite-savoie-hakunamatata.com;https://www.facebook.com/hakunamatatagitespa/?locale=fr_FR, https://www.instagram.com/hakuna_matata_gitespa/;;email nominatif déjà trouvé sur le site (format non identifié);;;;;0;
https://www.gecco-aventure.com/;;welcome@gecco-aventure.com;https://www.facebook.com/GeccoAventure/, https://www.instagram.com/Geccoaventure/;;email nominatif déjà trouvé sur le site (format non identifié);;;;;0;
https://www.beaumier.com/en/properties/capelongue-hotel/wellness/;;administration@beaumier.com, capelongue@beaumier.com, comptabilite.fournisseurs@beaumier.com, comptabilite@beaumier.com, marketing@beaumier.com, recrutement@beaumier.com, sales@beaumier.com, wedding@beaumier.com;http://www.instagram.com/gaellerapptronquit, https://www.facebook.com/capelongue/, https://www.instagram.com/capelongue/;;email nominatif déjà trouvé sur le site (format non identifié);;;;;0;
http://www.bastidesaintesteve.com/;;welcome@bastidesaintesteve.com, welcome@labastidesaintesteve.com;https://www.facebook.com/bastidesaintesteve/, https://www.instagram.com/bastidesaintesteve/;;email nominatif déjà trouvé sur le site (format non identifié);;;;;0;
https://auberge-du-cedre.com/;;welcome@auberge-du-cedre.com, welcome@aubergeducedre.com;https://www.facebook.com/aubergeducedre, https://www.instagram.com/aubergeducedre/;;email nominatif déjà trouvé sur le site (format non identifié);;;;;0;
http://www.aquariumdeparis.com/;;info@aquariumdeparis.com, webmestre@aquariumdeparis.com;https://www.instagram.com/aquariumdeparis_/?hl=fr;;email nominatif déjà trouvé sur le site (format non identifié);;;;;0;
https://www.viaferrata-fr.net/via-ferrata-198-Le-Roc-d%27Anglars-Saint-Antonin-Noble-Val-Tarn-et-Garonne.html;;webmaster@viaferrata-fr.net;https://www.facebook.com/sharer/sharer.php?u=https%3A%2F%2Fwww.viaferrata-fr.net%2Fvia-ferrata-198-Le-Roc-d%2527Anglars-Saint-Antonin-Noble-Val-Tarn-et-Garonne.html;;;;;;;0;
https://www.occitanie-thermale.com/stations-thermales/thermes-de-salies-du-salat/;;webmaster@occitanie-thermale.fr;https://www.facebook.com/VoyageOccitanie, https://www.facebook.com/salineathermes/, https://www.instagram.com/voyageoccitanie/;Laurent ALLARD (ALLARD);dirigeant trouvé via SIREN 424761419 (API recherche-entreprises.api.gouv.fr);laurent.allardallard@occitanie-thermale.fr;Aucun format validé par SMTP;occitaniethermale-fr02c.mail.protection.outlook.com;Non;8;Très faible
https://www.montreuil.fr/sortir-et-bouger/nature-patrimoine/nature-en-ville/promenade-dans-les-3-grands-parcs;;webmaster@montreuil.fr;https://www.facebook.com/villedemontreuil, https://www.instagram.com/ville_montreuil/;;;;;;;0;
https://www.lepal.com/;;info@lepal.com;https://www.facebook.com/sharer/sharer.php?u=https%3A%2F%2Fwww.lepal.com%2Fa-propos%2Fpage%2Fnos-partenaires, https://www.facebook.com/sharer/sharer.php?u=https%3A%2F%2Fwww.lepal.com%2Fa-propos%2Fpresse, https://www.facebook.com/sharer/sharer.php?u=https%3A%2F%2Fwww.lepal.com%2Fpage%2Fmentions-legales, https://www.instagram.com/lepalofficiel/;Charles BENNET;dirigeant trouvé via SIREN 788139632 (API recherche-entreprises.api.gouv.fr);charles.bennet@lepal.com;Aucun format validé par SMTP;lepal-com.mail.protection.outlook.com;Non;8;Très faible
https://catherine-sellier.fr/;;contact@catherine-sellier.fr, webmaster@catherine-sellierfr.zumu7409.odns.fr;https://www.facebook.com/catherineselliersoinsbienetre, https://www.instagram.com/catherinesellier_bienetre/;Catherine SELLIER;dirigeant trouvé via SIREN 831657234 (API recherche-entreprises.api.gouv.fr);catherine.sellier@catherine-sellier.fr;Aucun format validé par SMTP;mail.catherine-sellier.fr;Non;8;Très faible
https://www.campingleclostranquille.fr/;;webmaster@campingleclostranquille.fr;;Frederic BUISSON;dirigeant trouvé via SIREN 790185383 (API recherche-entreprises.api.gouv.fr);frederic.buisson@campingleclostranquille.fr;Aucun format validé par SMTP;mx1.ovh.net;Non;8;Très faible
https://www.baraccinatura.fr/;;webmaster@baraccinatura.fr;https://www.facebook.com/Baraccinatura;Kamel BELKAID;dirigeant trouvé via SIREN 498408889 (API recherche-entreprises.api.gouv.fr);kamel.belkaid@baraccinatura.fr;Aucun format validé par SMTP;mx1.mail.ovh.net;Non;8;Très faible
https://ampmetropole.fr/missions/culture-sport-nautisme-et-grands-evenements/equipements-dinteret-metropolitain-sport/piscines-metropolitaines/piscine-jean-pierre-more/arade.html#&panel1-1;;dpo@ampmetropole.fr;https://www.facebook.com/ampmetropole, https://www.instagram.com/ampmetropole/;;email nominatif déjà trouvé sur le site (format non identifié);;;;;0;
https://www.theoriginalshotels.com/hotels/brive-la-gaillarde-nord-les-coquelicots?utm_campaign=uberall&utm_medium=organic&utm_source=googlelisting;;contacts@theoriginalshotels.com, groupes@theoriginalshotels.com, informations@theoriginalshotels.com, reservation@theoriginalshotels.com, serviceclients@theoriginalshotels.com, servicequalite@theoriginalshotels.com, theoriginalsclub@theoriginalshotels.com, web@theoriginalshotels.com;https://www.facebook.com/theoriginalshotels/, https://www.instagram.com/accounts/login/?next=%2Fthe_originals_hotels%2F;;email nominatif déjà trouvé sur le site (format non identifié);;;;;0;
http://www.wattwiller.com/;;wattwiller@wattwiller.com;https://www.facebook.com/EauMineraledeWattwiller/, https://www.instagram.com/eauwattwiller/?hl=fr;;email nominatif déjà trouvé sur le site (format non identifié);;;;;0;
https://www.corespa.fr/clubs/wasquehal/;;bouvines@corespa.fr, coignieres@corespa.fr, marcqenbaroeul@corespa.fr, marquette@corespa.fr, saintjean@corespa.fr, villeneuvedascq@corespa.fr, wasquehal@corespa.fr;https://www.facebook.com/corespa.wasquehal/?locale=fr_FR, https://www.facebook.com/corespa.wasquehal?locale=fr_FR, https://www.instagram.com/corespa.wasquehal/;;email nominatif déjà trouvé sur le site (format non identifié);;;;;0;
https://www.ecodomainelareverie.com/insolite-spa-bourgogne/NordikSpa/;;instant-spa@ecodomainelareverie.com;;;email nominatif déjà trouvé sur le site (prenom-nom);;;;;0;
https://escalebienetre-dole.fr/;;voyage@escalebienetre-dole.fr;https://www.facebook.com/Escale-bien-%C3%AAtre-105883557829352/?ref=br_rs, https://www.facebook.com/sharer/sharer.php?u=https://escalebienetre-dole.fr/produit/bon-cadeaux/, https://www.instagram.com/escale.bienetre_dole/;;email nominatif déjà trouvé sur le site (format non identifié);;;;;0;
http://www.ville-levallois.fr/sports-loisirs/centre-aquatique/;;cal@ville-levallois.fr, communication@ville-levallois.fr, dpd@ville-levallois.fr, webmaster@ville-levallois.fr;https://www.facebook.com/villedelevallois/, https://www.instagram.com/villelevallois/;;email nominatif déjà trouvé sur le site (format non identifié);;;;;0;
http://www.ville-monnaie.fr/;;;https://www.facebook.com/sharer/sharer.php?u=https://www.ville-monnaie.fr/contacts-et-horaires/;;;;;;;0;
http://vivreleau.fr/;;tresorier@vivreleau.fr, vivreleau@vivreleau.fr;"https://www.instagram.com/invites/contact/?i=1c1myn4lq6j07&amp;utm_content=py67pi9";;email nominatif déjà trouvé sur le site (format non identifié);;;;;0;
http://www.alba-la-romaine.fr/;;mairie@alba-la-romaine.fr, u003emairie@alba-la-romaine.fr;https://www.facebook.com/mairiealba/;;email nominatif déjà trouvé sur le site (format non identifié);;;;;0;
http://www.aqualmipiscine.com/;;vitry@aqualmipiscines.fr;http://instagram.com/aqualmipiscine, https://www.facebook.com/aqualmi/?locale=fr_FR;;email nominatif déjà trouvé sur le site (format non identifié);;;;;0;
http://www.closdevougeot.fr/;;communication@closdevougeot.info, receptions@closdevougeot.info, visites@closdevougeot.info;https://www.facebook.com/closdevougeot, https://www.instagram.com/chateau_clos_vougeot/;;email nominatif déjà trouvé sur le site (format non identifié);;;;;0;
https://www.o-tilleuls.fr/;;virginie@o-tilleuls.fr;https://www.facebook.com/%C3%94-Tilleuls-Salon-de-Massage-113016590188364/, https://www.facebook.com/otilleulsmassage;;email nominatif déjà trouvé sur le site (format non identifié);;;;;0;
http://www.chateaudeverone.com/;;contact@chateaudeverone.com, vinsobrescontact@chateaudeverone.com;https://www.facebook.com/chateauverone;;email nominatif déjà trouvé sur le site (format non identifié);;;;;0;
http://www.mairie-lons.fr/index.php/services-municipaux/sports/piscine-aqualons;;mns.aqualons@mairie-lons.fr, piscine.aqualons@mairie-lons.fr, servicesports@mairie-lons.fr, ville-lons@mairie-lons.fr, ville-lons@mairie-lons.frt;https://www.facebook.com/sharer/sharer.php?u=https%3A%2F%2Fwww.mairie-lons.fr%2Fma-ville%2Fville-sportive%2Fautres-equipements%2F, https://www.facebook.com/sharer/sharer.php?u=https%3A%2F%2Fwww.mairie-lons.fr%2Fma-ville%2Fville-sportive%2Fpiscine-aqualons%2F, https://www.facebook.com/sharer/sharer.php?u=https%3A%2F%2Fwww.mairie-lons.fr%2Fmentions-legales%2F, https://www.facebook.com/sharer/sharer.php?u=https%3A%2F%2Fwww.mairie-lons.fr%2Fnous-contacter%2F, https://www.facebook.com/villedeLons, https://www.instagram.com/villedelons/?hl=fr;;email nominatif déjà trouvé sur le site (prenom.nom);;;;;0;
http://unycbrasserie.com/;;barjouville@unycbrasserie.com, villejust@unycbrasserie.com;https://www.facebook.com/UNYCBrasserie, https://www.instagram.com/unycbrasserie_barjouville/, https://www.instagram.com/unycbrasserie_restaurant/;;email nominatif déjà trouvé sur le site (format non identifié);;;;;0;
https://www.mairie-gerardmer.fr/tourisme/union-nautique;;villedegerardmer@mairie-gerardmer.com;https://www.facebook.com/Ville.de.Gerardmer, https://www.facebook.com/groups/ecoledemusiquedegerardmer, https://www.instagram.com/villedegerardmer/, https://www.instagram.com/villedegerardmer/?hl=fr;;email nominatif déjà trouvé sur le site (format non identifié);;;;;0;
https://maisons-alfort.fr/sport-culture-et-loisirs/vie-sportive/le-centre-aquatique/;;ville@maisons-alfort.fr;https://www.facebook.com/villedemaisonsalfort, https://www.instagram.com/villedemaisonsalfort;;email nominatif déjà trouvé sur le site (format non identifié);;;;;0;
http://www.camping-villaverde.com/;;villaverde@camping-villaverde.com;https://www.facebook.com/profile.php?id=61572127670324, https://www.instagram.com/campingdomainevillaverde/;;email nominatif déjà trouvé sur le site (format non identifié);;;;;0;
https://versionmaquis.com/;;citadelle@versionmaquis.com, santamanza@versionmaquis.com, villas@versionmaquis.com;https://www.facebook.com/hotelversionmaquiscitadelle/, https://www.instagram.com/hotelsversionmaquis/;;email nominatif déjà trouvé sur le site (format non identifié);;;;;0;
https://www.ccmsl.fr/vivre-a-msl/sports/centre-aquatique-du-grand-jardin.html;;accueil@ccmsl.com, centre.aquatique@ccmsl.com, culture@ccmsl.com, developpement.economique@ccmsl.com, espacedeshabitants@ccmsl.com, francerenov@ccmsl.com, petite.enfance@ccmsl.com, plan.climat@ccmsl.com, relaispetiteenfance@ccmsl.com, sports@ccmsl.com, tourisme@ccmsl.com, vie.sociale@ccmsl.com;https://www.facebook.com/CCMSL, https://www.facebook.com/people/FlorianeMsl-Promeneur-du-net/61582155032564/, https://www.instagram.com/ccmoretseineetloing/, https://www.instagram.com/florianemsl_promeneur_du_net/;;email nominatif déjà trouvé sur le site (prenom.nom);;;;;0;
https://leev.com/;;contact@leev.com, privacy@leev.com, victoire@leev.com;;;email nominatif déjà trouvé sur le site (format non identifié);;;;;0;
