Nom de l'Çtablissement;Adresse;Site Web
Kalma Head Spa;All. Apollinaire 93270 Sevran France;
Head Spa By V;56 Rue de la RÇpublique 89100 Sens France;
Espace bien-àtre Asia spa;2 All. Charles de Gaulle 77450 Esbly France;
La Vague de bien-àtre de Pentrez - Coiffeuse Onglerie EsthÇtique Massage Spa;Chem. des Dunes 29550 Saint-Nic France;
Or de soie Spa;64 Rue de CondÇ 62160 Bully-les-Mines France;
Naturel Spa;7 Bis Rue des Fontaines 02120 Malzy France;
O Tropical SPA;4 Rue Marcel Boucher 02590 êtreillers France;
Un air de misstinguette;D39 32130 Samatan France;
Eau'Spas;139 Chem. Vieux de BÇrat 31410 Longages France;
Salinea Spa;Bd des Thermes 31260 Salies-du-Salat France;
ELYA Studio Head Spa;2 Rle de la Cure 21110 Varanges France;
OrÇVasion;69700 êchalas France;
Heaven head spa;147 Rue des Buttes RÇault 91650 Breuillet France;
"Sous les Çtoiles ""Le Bien-àtre Privatif""";40 Av. RenÇ Firmin 60410 Verberie France;
L'institut des MonÇdiäres;D26 19800 Meyrignac-l'êglise France;
Spa relaxium;382 Av. Georges Dupont 59120 Loos France;
Maison Bien-àtre;310 Chem. de Tuveliäre 83510 Saint-Antonin-du-Var France;
L'EssenCiel - Bien-“tre et EnärgÇtique;43 Rue W.A. Mozart 44430 Le Loroux-Bottereau France;
Ella Nature DÇtente;8 Rue du Calvaire 02300 Bichancourt France;
Espace DÇtente - SPA Les Voyageurs;Ven. de la Poste 22600 LoudÇac France;
Au ROYAL SPA, institut bien - àtre : Massages, soins du visage, Çpilation, SPA privatif, sauna, cabine duo;105 Rue de Gournay 60390 La Houssoye France;
BLè SPA;1 Av. Jean Jauräs 78230 Le Pecq France;
Alegria;5 Rue du ChÉteau 72540 LouÇ France;
spa les tropiques;123 Rue des FusillÇs 62440 Harnes France;
êvasion D'aurora;28 A paisulo di l'umbrina 20290 Lucciana France;
Etablissement Thermal;1 Pl. des Thermes 67110 Niederbronn-les-Bains France;
Le clos du tilleul;675 Rue du Bibrou 62129 Ecques France;
La perle douce;24 Rte de Binche 59600 êlesmes France;
Spa d'ì;JGRX+45 22430 Erquy France;
Spa privatif du val d'Europe;78 Av. Joffre 77450 Esbly France;
Relaxia spa privatif;2 Rue du 4 Septembre 59161 Escaud?uvres France;
Eau' trement zen;37 Rue de Constantine 62880 Estevelles France;
Thermes De Salins;701 Av. des Thermes 73600 Salins-Fontaine France;
Bulle sensori'elle;42 Lot. du Bois de Ferriäres 45210 Ferriäres-en-GÉtinais France;
Les Hauts du rebeillou - Gåte;4 Imp. du Rebeillou 31130 Flourens France;
LIMEHA SPA;31 Rue du Maire Coppeaux 59610 Fourmies France;
Aux Bains du Calendal;30 Rdpt des Aränes 13200 Arles France;
Dark Room | Suite avec SPA privatif;48 Rue Sadi Carnot 59970 Fresnes-sur-Escaut France;
Bwell;zac des patureaux 2000 41200 Pruniers-en-Sologne France;
Spa Sandaya Senso BalnÇo des Alicourts;Domaine des Alicourts Les Alicourts 41300 Pierrefitte-sur-Sauldre France;
Un moment pour soi;1114 Rue d'Armentiäres 59850 Nieppe France;
Moonlight Spa;60180 Nogent-sur-Oise France;
AlmaheadspaOyonnax;4rue allombert francisque Rue Francisque Allombert 01100 Oyonnax France;
Oritual Spa / spa privatif-massages;4bis Rue des Ardennes 85490 Benet France;
Le SPA Berguois;3 Rue du Colläge 59380 Bergues France;
Aqua Bien Etre;19 Grand place 59590 Raismes France;
Spa Clarins;11-13 Pl. du GÇnÇral de Gaulle 61110 RÇmalard en Perche France;
L'instant beautÇ;166 Pl. de la RÇpublique 60170 RibÇcourt-Dreslincourt France;
Le Cocon de Romy;Rue Char Y Reste 02240 Ribemont France;
Zen Altitude;Pl. du Glacis 05460 Abriäs-Ristolas France;
Thalasso les Issambres RÇsidence Pierre et Vacances Les Rivages des Issambres;2 Av. de la ThÇbaide 83380 Roquebrune-sur-Argens France;
Spa Cocoon;3 Rue Joseph et Etienne Montgolfier 93110 Rosny-sous-Bois France;
Escapade;CitÇ de l'Habitat 59 Village des constructeurs 68460 Lutterbach France;
Slima BeautÇ;ZAC Au Noret 25620 Mamirolle France;
Head spa;26 Rue Octave Tondu 37370 Marray France;
Wellness Spirit;65 Av. de Corinthe 13006 Marseille France;
Institut de beautÇ GYPSOFIL;18 Rue Saint-Ambroise 77000 Melun France;
"Centre de bien-àtre Calysta, massages relaxants, soins ÇnergÇtiques, sauna, escapades ""reconnexion""";6 Rue Magenta 06500 Menton France;
Centre du Vernet;41 Bis Rue Saint-Martin 02200 Soissons France;
Julie spa;55 Rue Ferrer 62680 MÇricourt France;
Bell'M SPA - Perche Spa et Nature;Domaine du Golf de Bellàme Rue des Sablons 61130 Bellàme France;
route du spa;22 Rue Jean Jauräs 33160 Saint-MÇdard-en-Jalles France;
C'ZEN;15 Imp. de la Maáonniäre 85200 Saint-Michel-le-Cloucq France;
SPA Mer Morte;9-11 Av. Michelet 93400 Saint-Ouen-sur-Seine France;
Les Thermes de l?Olympe;302 Rue du Plan 38140 Rives France;
Spa room;38 Fbg du MÇnil 08200 Sedan France;
SPAS center;Rue d'Anglas 64121 Serres-Castet France;
Private Suite Spa;26 Rue Eugäne Tilloy 76300 Sotteville-läs-Rouen France;
La Pampa Lodge & Spa 28;11 Rue de la Mazure 28480 Combres France;
Spa du Parc;4 Rue Oscar Delille 59240 Dunkerque France;
Institut - Hammam & Spa;14 Pl. du MarchÇ 13150 Tarascon France;
MKB - BalnÇothÇrapie;46 A le Rue du Coteau de Matinier 26770 Taulignan France;
Fish Spa;56 Quai de la Trinquette 34300 Agde France;
Spa ExpÇrience;N113 Concept Store La Boutik' By Villa Occitana 30670 Aigues-Vives France;
Spa Deep Nature - Les Hauts Bois;RÇsidence Pierre & Vacances Les Hauts Bois Le Biolet 73210 Aime-la-Plagne France;
Le Spa;111 Av. de Marlioz 73100 Aix-les-Bains France;
La Grange Ö bulle;580 D809 48200 Albaret-Sainte-Marie France;
Hammam oriental albi;17 Rue du Verbial 81000 Albi France;
La PÇpite Gåte & Spa;905 Chem. de Contre Halage 62340 Hames-Boucres France;
les bulles de l'oson;5 Rue Edmond Villain 59199 Hergnies France;
Spa des lacs;83 Rte de la Poste 38750 Huez France;
Eaucalme massages spa sauna;29bis Grande Rue 25610 Arc-et-Senans France;
Parcours marin Miramar;10 Rue de Lenn Vihan 56640 Arzon France;
Univers de dÇtente Institut de beautÇ;14 Bis Rue du Coin 73500 Aussois France;
Centre de BalnÇothÇrapie;20 Av. Emile Sari 20200 Bastia France;
Aroma, Le Spa - Maison BÇrard;Rue du vieux presbytäre 83740 La Cadiäre-d'Azur France;
Dambrine Vincent;20 Rue nationale 62123 Beaumetz-läs-Loges France;
SPA Biloba - BeauprÇau;52 Rue de la CitÇ 49600 BeauprÇau-en-Mauges France;
Les Soins de Natacha - MÇthode Renata Franáa Agde;88 Chem. de Notre Dame ∑ Saint-Martin 34300 Agde France;
Giovanni Riboli Niort;264 Av. de Paris 79000 Niort France;
Balneovital;2 Chem. de Negue Bous 66700 Argeläs-sur-Mer France;
D. LOTUS SPA;15 Rue Mandajors 30100 Aläs France;
Spa Laty;7 Rue LÇnine 94200 Ivry-sur-Seine France;
ì zen attitude;3 a Rue Laurillard 25200 MontbÇliard France;
LE NOUVEL INSTITUT (diplìmÇ shiatsu);2 Rue Gracieuse 72000 Le Mans France;
L'Atelier Spa;Centre station immeuble le val benoåt 04260 Allos France;
Espace Relax'Eau;23 Rue Jean Moulin 57390 Russange France;
LumÇa spa;13 Rue du GÇnÇral de Gaulle 62880 Annay France;
Bain de Vapeur Le Manounia;36B Rue Pasteur 54400 Longwy France;
LES BAINS DU DêSERT;108 Rue d'Angoulàme 16400 Puymoyen France;
Evasion spa;239 Rue Nationale 62200 Boulogne-sur-Mer France;
L'antre deux Pierres;203 Rte des Pommiers 06510 Bouyon France;
CRPL SPA 38 Vente de spa et sauna en Isäre;D1075 38500 La Buisse France;
Suite L'Çvasion Jacuzzi;Av. de la Vistrenque 30132 Caissargues France;
Natural Blue;1 Rue de la Citadelle 59400 Cambrai France;
Spa Priviläge;32 Rue du MarÇchal Foch 59670 Cassel France;
L'Çbäne - Suite & SPA en baie de somme;60 Bis Rue du Mont Rìti 80410 Cayeux-sur-Mer France;
les nÇnuphars;8 Rue Pierre Semard 91100 Corbeil-Essonnes France;
S'Paradis;83 Rue Raoul Briquet 62970 Courcelles-läs-Lens France;
O?Baby Plouf;17 Rue de l'êcrivain 89100 Sens France;
Nisa bien àtre;15 Av. Paul Vaillant Couturier 93120 La Courneuve France;
Melek Head Spa;28 Av. Albert de Mun 44600 Saint-Nazaire France;
May Beauty's;30 Rue du GÇnÇral de Gaulle 95220 Herblay-sur-Seine France;
Zeãna spa;8 Pl. de l'Hìtel de ville 60600 Clermont France;
Sphäre bien-àtre;1 Rue de l'êglise 85580 Saint-Michel-en-l'Herm France;
L'Univers de Charlyne;21 Rue Fabrot 13100 Aix-en-Provence France;
‚ shozen;35 Rue de Bois Morin 02370 Presles-et-Boves France;
Sanne ?Maison Damdam;1286 Rte de Genebriäres 82230 LÇojac France;
Centre De Bien-“tre Spa-Hammam;26600 Tain-l'Hermitage France;
Head Spa Royal Annecy;52 Rte de Balmont 74600 Annecy France;
Urban SPA;27 Av. Anatole France 94220 Charenton-le-Pont France;
Spa Deep Nature - Les Alpages de Reberty;RÇsidence Pierre & Vacances Les Alpages de Reberty ZAC de Reberty 2000 73440 France;
House of Love - Jacuzzi 2 pers & Filet suspendu;340 Rue du Lieutenant 59550 Maroilles France;
Appart Spa Privatif Laon;5 Rue Thibezard 02000 Laon France;
So'Spa;4 Rue de Loiron 53940 Le Genest-Saint-Isle France;
Le M Hìtel Restaurant Spa;62 Cr Albert Manuel 14600 Honfleur France;
Cosy appart? & spa;4 Rue Auguste Cholat 42340 Veauche France;
Le SPA de l'Inatten'bulle Grand Reims;10 B Rue Marguerite Yourcenar 51450 BÇtheny France;
Hìtel Les Bateliers;La Malene Village 48210 La Maläne France;
Villa d'escane;885 Rte de Mondilhan 31350 Escanecrabe France;
Luxury room;2 Av. Jules Valläs 38100 Grenoble France;
A&M Games and Spa;29 Rue d'Aubilly 08000 Charleville-MÇziäres France;
Secrets of the Temple - Spa hotel;33 Rue du Clocher 87000 Limoges France;
LES CYGNES - 32150;63 Av. des Thermes 32150 Cazaubon France;
La Suite Nova;52 Av. du Fbg de Cambrai 59300 Valenciennes France;
Secret SPA Grenoble;Rue Anthoard 38000 Grenoble France;
Hìtel Ö cìtÇ;6 Rdpt de Montfermeil 93340 Le Raincy France;
Rognac plage;267 N 113 13340 Rognac France;
3 Rue de l'êglise;3 Rue de l'êglise 55500 Ligny-en-Barrois France;
Hìtel;1 Allee du Noyer St Marceau 94440 Marolles-en-Brie France;
Hotel Et Spa La Forge;15 Av. de Sindeldorf 74150 Marigny-Saint-Marcel France;
La Suite 176 - Reims;176 Av. de Laon 51100 Reims France;
Les Nuits de Treilles- Love Room Spa privatif proche Montargis;20 Rue du Grand Chemin 45490 Treilles-en-GÉtinais France;
Ussat les Bains;15 N12 14 - 15 - 21 N12 27130 BÉlines France;
Tiki Spa;4300 Rte de Gravelines 62370 Saint-Folquin France;
Hìtel de la Plage;1 Rue de l'êglise 22300 Saint-Michel-en-Gräve France;
Domaine de Barive et SPA;02350 Sainte-Preuve France;
Le moulin de SOING;La Latte 70130 Soing-Cubry-Charentenay France;
Suite & Spa Brive;44 Av. Jean Jauräs 19100 Brive-la-Gaillarde France;
5 Route de Saint-Goustan;56450 Theix-Noyalo France;
Les Loudges (Nuits de Thoiry);78770 Thoiry France;
La Reveraie;La ravassiere 45510 Tigy France;
Evasion Room & Spa;20 Rue des êcoles 59330 Hautmont France;
La ClÇ des Champs;Grange 11 La Borde au Bois 77640 Jouarre France;
centre balnÇo;65170 Aragnouet France;
Garden Spa;21 Rue Arthur Rimbaud 66700 Argeläs-sur-Mer France;
Site de Belcastel;Le Bourg 12390 Belcastel France;
MAISON FRANCE SERVICES;4 Rue RenÇ Mericam 40800 Aire-sur-l'Adour France;
O'LÇman Appart Sauna - 2' BelvÇdäre 5' Centre ville;16 Bd de Savoie 74200 Thonon-les-Bains France;
Le Tertre;72450 Lombron France;
KosyHouse Cauffry;8 Rue du Moulin 60290 Cauffry France;
Crest voland Le Cernix;73590 Notre-Dame-de-Bellecombe France;
Domaine des ChÉtaigniers;26 Rte de Mazamet 81200 Aiguefonde France;
la colline du bonheur;6 Leix 19380 Albussac France;
les thermes 1303 rue de la fontaine bouillon;89 Rue du Chàne Crupeau 59230 Saint-Amand-les-Eaux France;
Nouvel Etablissement THERMAL;7 Rue du Mont Saint-Clair 34540 Balaruc-les-Bains France;
DF ENTREPRISE;26 Rue des Rigoles 75020 Paris France;
la nichpÇ;35 Quai du Moulin de Cage 92390 92390 Villeneuve-la-Garenne France;
station thermale;2 Av. du Parc 74200 Thonon-les-Bains France;
Soins EnergÇtiques ? Paris 15;163 Rue de la Convention 75015 Paris France;
Boost your Business with reviews;3 Rue Charles Tellier 75016 Paris France;
Ban di massage;46 Rue ClÇment Perrot 94400 Vitry-sur-Seine France;
Hijama Cupping;Rue Arthur Chaussy 77390 Verneuil-l'êtang France;
Hammam Fassia;826 Rue Santos Dumont 01200 Valserhìne France;
Shiatsu thÇrapeutique - Seine & Marne;1 Rue de la Charbonniäre 77260 Sammeron France;
ZÇnolia;1 Le Pey 38220 Laffrey France;
DolorElle;Rue Ronsard 18000 Bourges France;
Judit's Reflexology;4 Rue des Chànes 22980 PlÇlan-le-Petit France;
Les thermes de Jeannot;5 Av. Jean Jauräs 12110 Cransac-les-Thermes France;
Les Grands Thermes;2 Av. Baraduc 63140 ChÉtel-Guyon France;
Source Thermale des Bains de Guitera - Surghjente Termali di i Bagni di Guitera;20153 Guitera-les-Bains France;
Sources Germaine et Deval;Parc Thermal 63140 ChÉtel-Guyon France;
Les Thermes de Convänes;17 Av. des Thermes des Convenes 31800 Labarthe-Riviäre France;
êtablissement Thermal Le Modele;09110 Ax-les-Thermes France;
Valvital;41 Rue Sergent Blandan 54000 Nancy France;
jonzac;31 Rue du Cluzelet 17500 Jonzac France;
La source de Phazy;05600 Risoul France;
Les Thermes;1 Av. de la Cadole 34540 Balaruc-les-Bains France;
Thermes Saint-Roch;4 Cr Pasteur BP 60001 86270 La Roche-Posay France;
Thermes Eugenie Les Bains;5001F Rte de la Poste 40320 EugÇnie-les-Bains France;
thermes chevalley;10 Rte du Revard 73100 Aix-les-Bains France;
Appartement Tachoue-Lacoste Olivier;3 Rue Abel Guichemerre 40100 Dax France;
biqueenfrance commerce;Rue Robert Maffre 31100 Toulouse France;
Source du Lys;Chem. des êtangs 03200 Abrest France;
thermes de cambo;100 Rue Delbarre 64250 Cambo-les-Bains France;
Nouveaux Thermes de Luchon;31110 Bagnäres-de-Luchon France;
Lac eau souffreuse;67520 Kuttolsheim France;
Thermes de Divonne-les-Bains;235 Av. des Thermes 01220 Divonne-les-Bains France;
Thermes de Challes-les-Eaux;Av. des Thermes 73190 Challes-les-Eaux France;
Les Thermes de Plombiäres-les-Bains;4 Av. des êtats Unis 88370 Plombiäres-les-Bains France;
Thermes;1 Rue de la Fontaine 31160 Encausse-les-Thermes France;
Fontaine des Thermes;41-55 Av. des Thermes 13100 Aix-en-Provence France;
Le Relais des Thermes;21 Rue du Dr Babin 91470 Forges-les-Bains France;
Parc des Thermes;Rue du Dr Babin 91470 Forges-les-Bains France;
Thermes de Saint-Saloine de Saintes;6 Imp. des Thermes 17100 Saintes France;
Thermes romains (La source des bains doux);11190 Rennes-les-Bains France;
H‚TEL DES THERMES;Imp. du Four 52400 Bourbonne-les-Bains France;
Les Thermes De Marseille;54 Rte de la Treille 13011 Marseille France;
Les Anciens Thermes de Saint Georges Les Bains;07800 Saint-Georges-les-Bains France;
Les Thermes Saint-Germain;5 Pass. de la Petite Boucherie 75006 Paris France;
Ancien therme;284 Rte des Sources 30360 Euzet France;
Thermes Christau;Bourg 64660 Lurbe-Saint-Christau France;
Maison de SantÇ - Les Thermes;40180 Tercis-les-Bains France;
Thermes Magnoac;65230 Thermes-Magnoac France;
Le Mas Des Thermes;11 Rue du Couvent 30470 Aimargues France;
RÇsidence des thermes;11580 Alet-les-Bains France;
Les Thermes;13 Rue Fernand LÇger 27930 Gravigny France;
Centre-ville Ax-les-Thermes proche des tÇlÇcabines et des thermes;09110 Ax-les-Thermes France;
Restaurant francäs ?Le Relais des Thermes?;34 Rue des Thermes 66110 AmÇlie-les-Bains-Palalda France;
LONGWY THERMES;6 Pl. du GÇnÇral Leclerc F 54400 Longwy France;
Thermes du BouridÇ;20 Rte du Bouride 65130 Mauvezin France;
Cocon Thermal, appartement cosy 2/4 pers, proche Centre & Thermes;65200 Bagnäres-de-Bigorre France;
Thermes Marins de Cannes;47 Rue Georges Clemenceau 06400 Cannes France;
Therme RÇgis;Lotissement Imp. du Champ de Foire 01400 ChÉtillon-sur-Chalaronne France;
Le NaturOspa Gåte SPA privatif 2 Ö 4 personnes avec sauna et jacuzzi | proche Hesdin,Berck,Abbeville,le Touquet;30 Bis Rue d'Erambeaucourt 62140 Le Quesnoy-en-Artois France;
Le Spa des Frangines;51 Grande Rue 50220 Ducey-Les ChÇris France;
Le Ptit Spa de L'Abbaye Suite love et Spa privÇ;Lieudit: 61700 Lonlay-l'Abbaye France;
O-et-Terre, centre ressourcement Bains spa cryo foret coaching;6 Rue du PavÇ 77130 Dormelles France;
Amai head spa l'instant FÇlicia;32 Rue de Nancy 57510 Puttelange-aux-Lacs France;
SÇrÇnitÇ Elodie Head Spa Chasnais;85400 Chasnais France;
cabane perchÇe spa Gåte PÇrigord;74 Rte des Rouquettes 24680 Lamonzie-Saint-Martin France;
Gite & SPA Le Lac;Le Lac 48110 Moissac-VallÇe-Franáaise France;
??Pura Vida Spa Ecaillon??;8 Bis Rue des Hallots 59176 êcaillon France;
Loft & Spa Privatif Ö Dijon;18 Rue Audra 21000 Dijon France;
Hostellerie *** SPA du Saut de la Truite;112 Rte du Ballon d'Alsace 90200 Lepuix France;
Suite bien àtre Bali Room Sauna & Spa - Loveroom;3 Av. TW Wilson 02400 ChÉteau-Thierry France;
PosÇidon Spa Mantes-la-Jolie;zac les Beurrons Rue Fernand LÇger 78680 êpìne France;
Gåte et SPA La Poterne;29 Rue de la Poterne 59380 Bergues France;
Villa Normandie ? Suites & Spa präs de Bordeaux;73 Chem. de Rozet 33360 Lignan-de-Bordeaux France;
Bulle de Campagne - Studio avec SPA Privatif;16 Rte de Chez Aubert 17130 Pommiers-Moulons France;
Gåtes & Spa YaKa & Yapluka;2919 Rte du ChÉteau La Broue 05800 Saint-Firmin France;
C spa bien àtre;146 Chem. des Emeries 13580 La Fare-les-Oliviers France;
Hìtel Restaurant Spa Le Parc des FÇes;107 Quai Mal Fayolle 63150 La Bourboule France;
Gite SPA & Piscine C‚Tê VERGER Merxheim (68) Alsace 7 personnes;14 Rue de Guebwiller 68500 Merxheim France;
Institut & Spa Le Lagon;2 Imp. des Roquettes 50340 Flamanville France;
Mas de Bouilhac (1gite, 1 hÇbergement insolite, 1 hÇbergement romantique, Spa ,piscine);415 Rte de la Pize 07000 Pranles France;
BAIGNOIRE-BULLES Showroom BalnÇo Spa et Bain;5 Rue BarthÇlÇmy Contestin 30300 Fourques France;
Gåte et Spa L'ÇchappÇe FÇÇrique;29 Rue LÇo Lagrange 62150 Fresnicourt-le-Dolmen France;
Les Bains PhÇniciens - Spa et EsthÇtique;1 Rue de Presles 88560 Saint-Maurice-sur-Moselle France;
"Manitia esthetique spa EVJF & ActivitÇs CrÇatives Nord Isäre"".";174 Rte de Massonas 38290 Frontonas France;
CHAMBRES et Spa de la Condamine;11 Rue Alsace Lorraine 12100 Millau France;
DANDELION GITE SPA nature design gite Gorges du Tarn Millau Aveyron | location vacances piscine jacuzzi riviäre 5 Çtoiles;La Resclause 12720 MostuÇjouls France;
Kcorina Spa Moumour - Oloron Sainte Marie;3 Chem. des Coustalats 64400 Moumour France;
Muraille du chÉteau spa jaccuzi Nemours;17 Cr du ChÉteau 77140 Nemours France;
Institut Spa Melody B';22 Av. Jean Lascaux 19130 Objat France;
Gåte Nature et Spa - Oisly;41700 Oisly France;
Orelle - Val Thorens, le Hameau des eaux - SPA piscine;73140 Orelle France;
Hammam spa Beauty Queen;6 Rue Pierre Semard 69600 Oullins-Pierre-BÇnite France;
COCO SPA PARIS;20 Rue Ernest Renan 75015 Paris France;
"""RELAX SPA Publier"" cinÇma balnÇo ""Maison de village""";74500 Publier France;
Gåte Les Roseaux Spa Privatif;1 Lot. la Promenade 11120 Moussan France;
Demeures & ChÉteaux - Hìtel Greuze & Spa Tournus;5-6 Pl. de l'Abbaye 71700 Tournus France;
"LOVE Suites & SPA ""Le Loft"" Royan / MÇdis";8 Imp. de Musson 17600 MÇdis France;
Bell 'O Spa - Espace dÇtente et bien-àtre entre Compiägne et Noyon;166 Pl. de la RÇpublique 60170 RibÇcourt-Dreslincourt France;
DÇtente et Spa du Tram;4 BIS Rue du Tram 70250 Ronchamp France;
"Les Prairies de Fenestrelle "" Gåte en Provence"" SPA et piscine au c?ur de la nature et au calme";2400 Chem. de Fenestrelle 13400 Aubagne France;
""" De l'autre cìtÇ du miroir"", Spa familial";46 D Rue Berthelot 62670 Mazingarbe France;
Gåte Spa Sauna Piscine C‚Tê VERGER Merxheim Alsace;68500 Merxheim France;
Le Spa PyrÇnÇen L J Launey;45 All. Pierre Semard 09200 Saint-Girons France;
Vichy Spa Hìtel les CÇlestins;111 Bd des êtats Unis 03200 Vichy France;
Logis Hìtel Spa Rest. le Provence;Le Village 07660 Issoudun France;
Le spa du billou;606 Rue de Kergunuec 29250 Santec France;
Cezana Spa & Sauna;4 Mail de Provence 51120 SÇzanne France;
So lodge spa et piscine;2 Rte de Bailleul 62580 Gavrelle France;
L'Effet du Hammam - Hammam Traditionnel et Spa Ö Stains;70 Av. Aristide Briand 93240 Stains France;
Le Spa de Lys;113 route de la savoliäre RÇsidence les Terrasses du mont blanc 74440 France;
HÇlia spa et beautÇ;128 ter Rue Raoul Briquet 62217 Achicourt France;
Head Spa : La Parenthäse EnchantÇe;Chez Aya Beauty 116 Rue du GÇnÇral Leclerc 95410 Groslay France;
Au spa de Clem;8 Rue du Cure 62370 Guemps France;
Le Sanctuaire Hirson, Spa Privatif, Sauna;02500 Hirson France;
CENTRE SPA ALSACE;32 Rue de Mulhouse 68170 Rixheim France;
La suite spa et sauna;53 Rue du GÇnÇral de Gaulle 68240 Kaysersberg Vignoble France;
Espace Spa bien-àtre;Lieu-dit Mourlas Rte de Toulouse 31700 Cornebarrieu France;
head spa institut;16 Bis Rue Prte Rabel 61300 L'Aigle France;
Wyoming Lodge - LUXE & SPA - Vue lac Aiguebelette (73);73470 Novalaise France;
Piscine des Alpes - Piscine et Spa Savoie;2321 Rte d'Hautecour 73600 Moñtiers France;
Beauty Sunshine - Head Spa Anglet;235 Av. de l'Adour 64600 Anglet France;
L'Çvasion head spa japonais;104 Rue de Lamouly 64600 Anglet France;
Essentiel SPA & BeautÇ : institut de beautÇ Ö BÇthune;120 Bd Raymond PoincarÇ 62400 BÇthune France;
Suite Spa dÇtente , Centre Bourgoin, Wifi rapide;38300 Bourgoin-Jallieu France;
Le SPA de l'atelier d' Audrey;10 Rte de Bardos 64240 Briscous France;
Centre Spa Sj Beaute et Minceur;165 bis Rue Gauthier 59400 Cambrai France;
Montreal physiotherapy Center , Spa center;11000 Carcassonne France;
Le Chalet de Castille | Gite de charme avec spa | 8 personnes;4 Rue des Malapets 65400 Beaucens France;
Hìtel SPA le belvÇdäre;1197 chemin du cougoulet 82110 Lauzerte France;
Aux 67 Nuances - Love & Spa herbergement romantique;85 Rue du MarÇchal Foch 67730 ChÉtenois France;
Aroma Spa Institut;7 Pl. du Foyer Rural 41130 ChÉtillon-sur-Cher France;
LE COTTAGE SPA PRIVATIF;6 Rue de l'êglise 59189 Boâseghem France;
Johanna Head Spa Dijon ? Massages et Soins;3 Rue du GÇnÇral de Gaulle 21110 Izier France;
LoÉm Head spa;Av. du GÇnÇral Jean Gilles 66210 Perpignan France;
Chambre - Nature - Bien àtre et SPA;59550 Landrecies France;
Chambres d?hìtes d'Isabelle piscine, spa, sauna, hammam;113 Rue de Choiset 51300 Loisy-sur-Marne France;
Sensoria spa;6 All. des 4 Chemins 83130 La Garde France;
Eveil Des Sens , massages, Head Spa, Lorgues;rue de la 2 Rue Vieille Horloge 83510 Lorgues France;
corpspeaur'elle institut et spa;21 Rue de l'EspÇrance 07800 La Voulte-sur-Rhìne France;
Lourdes Spa;Grand Hìtel Galia & Londres 26 Av. Bernadette Soubirous 65100 Lourdes France;
M'la voute spa;1 Bd du Dr Roux 06440 L'Escaräne France;
OcÇane SPA;18 bis Rue Antoine-Laurent de Lavoisier 17200 Royan France;
Bien Naåtre et spa;338 Rue Jules Lefebvre 62760 Amplier France;
Doce & Spa**** - Gåte;5 Grand Rue 68320 Urschenheim France;
Domaine Saint Michel & Spa;4 Chem. des Monts 50700 Tamerville France;
La Longäre Spa&sauna privatif;235 Rue du Pont de Commune 62129 Ecques France;
Love & Spa;26 Rue Pasteur 91610 Ballancourt-sur-Essonne France;
centre spa;1 bis Rte des Pulles 17600 L'êguille France;
The Floor - Hotel Spa;6 Rue RenÇ Laennec 78310 Coigniäres France;
Chalet PyrÇnÇes et spa;Midi-PyrÇnÇes FR 30 Rue de la Prte d'en Bas 31430 Le Fousseret France;
Horse Land Resort & Spa;751 Rte Nationale 59840 PrÇmesques France;
Parenthäse Nature et Spa;Redan 18220 Aubinges France;
La Montrieuse - Chambre d'hìtes avec Sauna et baignoire SPA;73 Rue de Montrieux 41100 Naveil France;
Domaine de Vaufleury - Maisons d'hìtes et Spa;Vaufleury 969 route de la Bigaterie 49500 SegrÇ-en-Anjou Bleu France;
Aby'Dream Gite Spa;155 Rue du Pantgat Voie communale 7 59470 Eringhem France;
NIDS en PERIGORD cabane perchÇe avec spa;120 Imp. de la Noyeraie 24590 Saint-Geniäs France;
L'Çvasion Hair Spa;11 Rue Hildevert Lefävre 51170 Fismes France;
S et H Jura Spa;427 Rte de la Chaux-en-Bresse 39230 Francheville France;
LE LODGE Design & Spa;35 Rue Langlois 91490 Milly-la-Foràt France;
Anne Christine Spa;52 Rue de Marclan 31600 Muret France;
Ayami Spa;23 Av. du PrÇsident Vincent Auriol 31600 Muret France;
Obaby spa;79 Av. du MarÇchal Foch 93360 Neuilly-Plaisance France;
JDA HEAD SPA;35 Rue des Ouches 10400 Avant-läs-Marcilly France;
Institut de beautÇ Spadium Zen;Rue de Lattre de Tassigny Zone de Pont-er-Morh 56300 Pontivy France;
Les Hìtels Spa;5 Rue Sainte-Colette 39800 Poligny France;
Relax Home Love, Gåte Privatif 3 êtoiles, Spa, Amiens, St Pol, Cìte d'Opale;47 Rue du Haut 80600 Barly France;
Appartement Orelle Val-Thorens avec SPA;73140 Orelle France;
Jiap Thai Spa;21 Av. Grimeler 77330 Ozoir-la-Ferriäre France;
Nature & SPA;96 Rue des Mimosas 30130 Pont-Saint-Esprit France;
AS SPA;7 Rue d'Heumont 60700 Pont-Sainte-Maxence France;
villa le nid des dunes & spas - 2 gåtes 4/6- SANTEC;369 Rue des Pàcheurs 29250 Santec France;
Bahia Spa;117 Bis Rue de Verdun 62190 Lillers France;
CalicÇo - Lingolsheim - Spa, Hamman & BalnÇo;2 Rue MÇlina Mercouri 67380 Lingolsheim France;
Au grÇ de la Loire : gite avec piscine et spa;2 Rue du Patis Pottier 49250 Loire-Authion France;
L'êvasion : Sauna & Spa;14 Av. Pierre Semard 26140 Saint-Rambert-d'Albon France;
Institut Cocooning Centre de BeautÇ & Spa;37 Bis Av. Jean Jauräs 89400 Migennes France;
Mazagran, gåte avec spa;de ChÇmÇrÇ 1515 Rte de la Bazouge 53480 Saint-Georges-le-FlÇchard France;
El Mass head spa;88 Av. des PyrÇnÇes 09100 Saint-Jean-du-Falga France;
Sultana beauty & spa;10 Pl. Jean Jauräs 30250 Sommiäres France;
Onzon SPA;38 Rue de l'Onzon 42290 Sorbiers France;
Les Sorbiers spa;37550 Saint-Avertin France;
Les Sorbiers & spa;37550 Saint-Avertin France;
Au seuil de la foràt Nature & Spa;17 Rue Schwindel 67340 Weinbourg France;
Camping de SPAY;10 14 D212 72700 Spay France;
Family spa;290 Rue Pierre-Georges LatÇcoäre 05130 Tallard France;
Eden Spa;81 Rue du General de Gaulle 59175 Templemars France;
FORME & O' SPA;du Coutal ZI 4 Rue Pierre Proudhon 24120 Terrasson-Lavilledieu France;
Dream Cube & Spa;4 Rue de la Tuilerie 77580 Coutevroult France;
BalnÇocap Spa;88 Chem. de Notre Dame ∑ Saint-Martin 34300 Agde France;
Beaumont Spa;Rte de Florensac 34300 Agde France;
Nyanga Beauty & Spa;2 Imp. des Charmilles 25300 Granges-Narboz France;
Gåtes Pierre et Nature, piscine, spa, sauna;Route de La Goronniäre Montgothier 50540 Isigny-le-Buat France;
Carpe Diem Head Spa;80 Pl. du GÇnÇral de Gaulle 76730 Bacqueville-en-Caux France;
INSTAN'ZEN fish Spa, garra rufa, massages et rÇflexologie plantaire;45 Bd du Grau Saint-Ange 66420 Le Barcaräs France;
D&V studio Head SPA;99 Rue de Strasbourg 81200 Mazamet France;
le repos des sens head spa;84 Av. du GÇnÇral de Gaulle 40300 Peyrehorade France;
Le Salon du Head spa;90 Av. Franáois Verdier 81000 Albi France;
RIVA ROMANTIC & SPA;97 Bd Aristide Briand 14150 Ouistreham France;
Love Loft spa;68 Rle du Four 01500 Ambronay France;
Sensorial Spa;132 La Grand'Rue 76190 Valliquerville France;
Isania Thai Spa;18 Rue de l'Arquebuse 08000 Charleville-MÇziäres France;
Cocon hair spa;12 All. Marie Curie 76700 Gonfreville-l'Orcher France;
THE SPAS;42 D306 69380 Lissieu France;
Endermospa LPG Urban Spa;2 Rue de la RÇsidence 38300 Bourgoin-Jallieu France;
Concept Piscine & Spa;27 Av. du ChÉteau 33650 La Bräde France;
Domaine de Mende Brenoux Suites SPA;48000 Mende France;
Tamaya SPA;4 Rue de la Grange Ory 94230 Cachan France;
L'Alcove - Spa&Sauna - l'Oliveraie d'Eurocentre;l'Alcove Spa&Sauna 2 Chem. de la Gare 31620 Castelnau-d'EstrÇtefonds France;
MonHìtel Lounge & Spa;5 Rue d'Argentine 75116 Paris France;
Sens Centre de Bien-àtre & Spa;4 Rue de Gally 78450 Chavenay France;
LINDIVA PRESTIGE SPA;20 Rue de Saint-Cloud 92410 Ville-d'Avray France;
APICE PISCINE ET SPA;47 Rue de la Garde 69360 Communay France;
Private Hammam & Spa;3065 Rte d'Annemasse 74130 Contamine-sur-Arve France;
Eline Hair Spa;74 Rte du Port d'Arciat 71680 Cràches-sur-Saìne France;
BULLE DE SOIE -HEAD SPA;20 Rue de la RÇpublique 69250 Neuville-sur-Saìne France;
KimLight & SPA;23 Rue Sainte-Odette 57700 Hayange France;
"Tout en Douceur By Nat ""HEADSPA & BODYDRAINE"" (Drainage lymphatique RENATA FRANCA, MadÇrothÇrapie)";1 Rue de la Montagne 57915 Woustviller France;
SPA L'atelier du bien-àtre;127 impasse de la Porquerie 76780 La Haye France;
Spa La K'abane;32 Chem. de la Balise 38730 Blandin France;
Spa Equilibre;4 All. des Commerces 77450 Esbly France;
Spa Privatif Temps d'un ràve;32 Ter Rue de la Gare 59470 Esquelbecq France;
Spa Scenic;52 Grande Rue 26800 êtoile-sur-Rhìne France;
Spa de la Briqueterie;203 Rue de la Briqueterie 76400 Senneville-sur-FÇcamp France;
Spa DÇtente du Lac;6 Rue de la RouillÇe 02860 Pancy-Courtecon France;
Spa Saunaãs;Chemin des olivettes 147 impasse les archers 84310 Moriäres-läs-Avignon France;
Le Bois Bohäme -Spa Privatif;348 Chem. de la Baracine 30000 Nåmes France;
Maspa 70 (Maison d'Accueil et de SantÇ pour Personnes AgÇes);1 Grande Rue 70000 Neurey-läs-la-Demie France;
Spa L'inattendu;5 Chem. Vert 02500 Hirson France;
ECO'SPA Energies;10 Rue des Chasseurs 67280 Oberhaslach France;
SPA Wellness @ Paris 11äme;75011 Paris France;
Gåte du cafÇ de la Gare ,Spa ,pàche en Saìne;41 Rue de la Gare 21270 Pontailler-sur-Saìne France;
SPA institut Sophie BeautÇ;111 Av. du DauphinÇ 38530 Pontcharra France;
Spa Thermal;Av. des Thermes 73190 Challes-les-Eaux France;
Spa de nage et jacuzzi Ö severac d?Aveyron;3 Imp. du Serrou 12150 SÇvÇrac d'Aveyron France;
Spa Maroilles;59550 Maroilles France;
Spa Rive Droite;16 Rue du Pont de l'Abbaye 59520 Marquette-lez-Lille France;
SPA du Lou Pignada , Main de fÇe;Camping du Lou Pignada Rte des Lacs 40660 Messanges France;
Spa du Comte De Battine;15 Av. Pierre Mendäs France 1er êtage 72000 Le Mans France;
Spa jacuzzi senas;50 Chem. du Pigeonnier 13560 SÇnas France;
spa de Noisement;480 Rue du Canton 77550 Moissy-Cramayel France;
"Love Suites&Spa ""Le Chai Le Loft"" Royan / MÇdis";7 Rue des Rois de Musson 17600 MÇdis France;
The Jungle Dunkerque (spa privatif );31 Rue de l'Amiral Ronarc'h 59140 Dunkerque France;
Spa Deep Nature - Les Restanques;113 Route de Bardasse 83310 Grimaud France;
Spa le vivier;02500 Hirson France;
spa des templiers;Rue de l'Abbaye 30640 Beauvoisin France;
Institut O'SPA Anglet;68 Av. d'Espagne 64600 Anglet France;
Spa Deep Nature - Les Alpages de Chantel Arc 1800;"ZAC du Chantel Site P&V Premium ""Les Alpages de Chantel 73700 Bourg-Saint-Maurice France";
Spa privatif Ö Bray-Dunes - One-Bedroom Apartment;59123 Bray-Dunes France;
Spa Du Monde;24 Grand Rue 47330 Castillonnäs France;
Spa Love n ' Paradise;23 Quai d'AmÇrique 62137 Coulogne France;
Spa Sauna;35 Rue de l'Orgeval Pte 1 77120 Coulommiers France;
SPA Rome'Antique;18B Rue Roger Salengro 62710 Courriäres France;
Maison du bien àtre;113 Bd Rodin 92130 Issy-les-Moulineaux France;
RELAXENTI massage bien àtre relaxation;11 Rue Henri Barbusse 94800 Villejuif France;
Les massages bien àtre de Guillaume Ö votre domicile.;Saint-Jean 37600 Saint-Jean-Saint-Germain France;
Awake bien àtre;6 Rue du Canal 21110 Varanges France;
Caban'∂ Soie - MagnÇtiseur-Bien àtre ÇnergÇtique;1515chemin de 69770 Longessaigne France;
‚ bien àtre;59 Av. du 30E Corps 55100 Verdun France;
Massage assis et bien àtre L?instant bohäme de Claire;371 Rue de la Gare 88650 Saint-LÇonard France;
L?Atelier du Bien “tre;4A Rue du Fournil 11200 Luc-sur-Orbieu France;
Massage bien àtre clÇmence;6 ter Rue Albert Virfeu 72200 La Fläche France;
OcÇane Bien “tre;3 Rte des Pulles 17600 L'êguille France;
L?Epy?logue Nature et Bien “tre;12 Rue du Ronssoy 80740 êpehy France;
LA PLANQUE Maison d'hìtes et de Bien àtre;2 Rue du Rebais 77930 Fleury-en-Biäre France;
Spa- BalnÇothÇrapie et bien àtre;5ter Pl. Jeanne d'Arc 79250 Nueil-les-Aubiers France;
Maiana Institut massage bien àtre;17 Rue des Chantereines 95620 Parmain France;
Espace Bien “tre Rosult;556 Rue du Plaquenard 59230 Rosult France;
Bulle de Bien “tre Institut de BeautÇ Parfumerie;77 Rue LÇon Gambetta 76800 Saint-êtienne-du-Rouvray France;
Maison du bien àtre et de la santÇ;59 Rue GÇnÇral Diou 57070 Saint-Julien-läs-Metz France;
Bien àtre terre Ö terre seyssel;4 Rue Winston Churchill 01420 Seyssel France;
le jardin du bien àtre;131 La Croix 72700 Spay France;
Cabinet Les FÇes Bien “tre Massage & Drainage lymphatique;23 Rue du 8 Mai 1945 34160 Sussargues France;
L'instant bien àtre Christelle Thirouard E.I.;34 Rue de la Marine 29730 Guilvinec France;
YOLANDE BIEN “TRE;3 Rue Pirmin 67260 Herbitzheim France;
Escale Bien “tre MAILLARD Clarisse;Lieu-dit La Salvagie 46120 Lacapelle-Marival France;
Centre Bien “tre TrÇsor de Gaãa;1 Rue des êcoles 54800 AfflÇville France;
Bien àtre Thaã Maylee,massage Besanáon;21 rue champlie 25220 Amagney France;
bien àtre et ligne;5 Rue de Zillisheim 68350 Brunstatt-Didenheim France;
Le Manoir du bien àtre;Chem. de Marfauville 76930 Cauville-sur-Mer France;
L'Harmonie du bien àtre;14 Bd des Coussiäres 30870 Clarensac France;
Bien àtre en somme;9 Rue Lesueur 80100 Abbeville France;
Escale Bien “tre;Imp. du Bac 94480 Ablon-sur-Seine France;
Michelle Hervouet Massage bien àtre;43 rue de Nantes Les Essais 85150 Saint-Georges-de-Pointindoux France;
Murielle Bien “tre & BeautÇ;13 Av. de PÇzenas 34230 Adissan France;
Coralie PASCAL Bien “tre;1080 Rte du Villard 73220 Aiton France;
Massylam - massages bien àtre et soins ÇnergÇtiques;Quartier Le Nouzet 07530 Aizac France;
ArborÇsens - Massage bien àtre;Rue Albert Decaris 20000 Ajaccio France;
Casa Lena - Bien àtre | Massages | Drainage lymphatique;617 Rue Lucien Bonaparte 20000 Ajaccio France;
Kinesitherapie Bien “tre Soins;94700 Maisons-Alfort France;
‚ Cab MadÇrothÇrapie - Soins ÇnergÇtiques - Massage sportif - Massages bien àtre;17 Chem. des Bois 26120 Chabeuil France;
Massage en Drìme, Interstice, l'espace bien àtre...;215 Route du bois de la feuille Rte Croix Chabote 26260 Saint-Bardoux France;
Dao Tao Tuina CÇline Barbier - massage ÇnergÇtique traditionnel chinois tuina - bien àtre - particuliers et entreprises;10 Rue de la Fonderie Centre holista 74140 Douvaine France;
Aire Aquatique de l'Etoile;06110 Le Cannet France;
Aqua Mundo du Bois aux Daims;86120 Les Trois-Moutiers France;
Aqua Parc Aqua Monkey Island;Route de Sarlat 46300 Gourdon France;
AQUAJUMP 95;Ile de Loisirs de Cergy-Pontoise de 1 Rue des Etangs 95000 Cergy France;
Aquaparc 72;Rue du Plessis 72510 MansignÇ France;
Aquapark 31;L'Orme Blanc 31460 Caraman France;
Aqua'splash Pareloup;Base Nautique 175 RUE DES GARDONS Pareloup Plage de 12120 Arvieu France;
Base Nautique de Belle-Isle;Av. Daniel Bernardet 36000 ChÉteauroux France;
Base Nautique de Brognard;Sortie Etupes A 36 25600 Brognard France;
Base nautique de Don;Rue Jean Longuet 59272 Don France;
Centre Aquatique du Pays de Mauriac;Rue du Commandant Gabon 15200 Mauriac France;
Complexe aquatique de l'AtrÇaumont;LatrÇaumont 76360 Barentin France;
Espace aqualudique;PF84+GR 73720 Queige France;
Espace aquatique;51360 Val-de-Vesle France;
Espace Loisir Desnes;Rue des Marronniers 39140 Desnes France;
Lagune des pirates;07170 Mirabel France;
Le Dìme;Center Parc Rue des Bois Francs 27130 Les Barils France;
LOT OF SPORTS LAC VERT CATUS;lac vert 46150 Catus France;
Paradis park ouvert du 1 juillet au 31 aoñt;Av. du Mas de Sapte 34130 Saint-Aunäs France;
Paradis park vous attend Ö Bessäges du 21octobre au 5 novembre;Site des deux lac Sainte-CÇcile 30110 Sainte-CÇcile-d'Andorge France;
Parc aquatique;23460 Royäre-de-Vassiviäre France;
Parc aquatique au lac de Reiningue;Q68M+J5 68950 Reiningue France;
Parc aquatique CHM;19 Ctre Helio Marin 33930 Vendays-Montalivet France;
Parc Aquatique de panthier;RÇservoir de Panthier 21320 Vandenesse-en-Auxois France;
Parc aquatique lac de saint Cassien fermÇ / closed;RD37 route lac Saint-Cassien 83440 Tanneron France;
Park Aquatique;30190 Saint-Chaptes France;
Pàche Ö la Truite Orne;61150 JouÇ-du-Plain France;
Piscine avec toboggans;4 Rue James Wiese 88430 Corcieux France;
Piscine, bowling et squash;Rue des Champs d'Amour 36100 Issoudun France;
Plan d'Eau des FerrÇols;20 Rte de Nice 04000 Digne-les-Bains France;
Toboggan de la Plage;Parking du Labech Av. de la Tramontane 34420 Portiragnes France;
Toboggans et Parc aquatique;1000 Chem. de la Dragonniere 34450 Vias France;
Tommy's Parc;Base de loisirs Escalaväs 32380 Saint-Clar France;
Union Aquapark Apremont;55 Rue du Barrage 85220 Apremont France;
Aire de jeux aquatiques;83340 Le Luc France;
Aqua Bubble Boom;Base de loisirs de Chem. de Ghissignies 59530 Le Quesnoy France;
Aqua Park;26 Rte de Bordeaux 24100 Saint-Laurent-des-Vignes France;
Aqua Splash;60650 Saint-Paul France;
AQUA VITAE - Espace bien-àtre;3 bis Rue des Galeries 85160 Saint-Jean-de-Monts France;
Aquaboum;Maravenne 83250 La Londe-les-Maures France;
aqua'ccs;6 Rue Pablo Picasso 02300 Chauny France;
AquaFitness Balneo - Maureilhan;153 Rue du Languedoc 34370 Maureilhan France;
AquaFun' Park Achard;Rue du 23 Novembre 67400 Illkirch-Graffenstaden France;
AquaFun'Park du Causse;Plage des Peupliers Lac du Causse 19600 Lissac-sur-Couze France;
Aqua-Loca Verdun;1 AllÇe du PrÇ l'êvàque Lac du PrÇ l'êvàque 55100 Verdun France;
Aqualong?o;19 Rue Albert Legendre 54400 Longwy France;
AquaPark Lac des Settons;Lac des Settons Les Geniävres 58230 Moux-en-Morvan France;
Aquarelle;7 Pl. du Cardinal Eudes 36230 Neuvy-Saint-SÇpulchre France;
Aquasplash Boucles de Seine 78 Parc Aquatique;Rte de Mousseaux 78840 Moisson France;
Aquazen balneo;390 Rte du Vieux Four 24590 Saint-Geniäs France;
Aquazone;PFC6+C7 86130 Beaumont Saint-Cyr France;
Aquazone BÇarn;64300 Orthez France;
Cafe Restaurant L'Aquarius;58 Rue des Fräres Temple 44520 La Meilleraye-de-Bretagne France;
Centre aquabike lunel-viel;619 Av. du Roucagnier 34400 Lunel-Viel France;
Centre aqualudique en Pays d' Auge;14390 Cabourg France;
Centre aquatique;80350 Mers-les-Bains France;
Centre Aquatique Atlantie;Boulevard PÇchaud 48200 Saint-ChÇly-d'Apcher France;
Centre Aquatique Avallonnais;Av. du Parc des Chaumes 89200 Avallon France;
Centre Aquatique Familial;19 Bd du Stade 13340 Rognac France;
Centre Aquatique Limoges MÇtropole;359 Rue Aristide Briand 87100 Limoges France;
Complexe aquatique de Dampierre sur Linotte;Gr Grande Rue 70230 Dampierre-sur-Linotte France;
Espace Aquatique cìtÇ California;1230 Rte de Saint-Laurent 66420 Le Barcaräs France;
Espace Aquatique CìtÇ Oasis;1230 Rte de Saint-Laurent 66420 Le Barcaräs France;
Keraqua Retiers;2 Rue Dr Yves Le Bastard 35240 Retiers France;
La Graule Subaquatique, Centre FÇdÇral FFESSM;6 La Graule 23360 La Foràt-du-Temple France;
L'AquadÇtente;Chemin de Montorgueil lieu-dit Faudreux 59440 Boulogne-sur-Helpe France;
L'Aquaräme;456 Chemin des Les Esperels 83830 Figaniäres France;
Le Grand Dauphin ancien parc aquatique;07700 Bourg-Saint-AndÇol France;
Les Jardins Aquatiques;257 Chem. du Moulin des Vernes 01140 Saint-Didier-sur-Chalaronne France;
Location Mobilhome 6 personnes avec grand parc aquatique;56340 Carnac France;
Massage bien-àtre espace dÇtente Aqua;37 Rue Monge 21000 Dijon France;
Moulin Ö eau - aire de jeux aquatique;FM7J+MX 02860 Chamouille France;
parc aqualol lac la cadie;27 Rte du Milieu 33350 Mouliets-et-Villemartin France;
Parc Aquatique de Saverne;8 Quai du ChÉteau 67700 Saverne France;
Parc aquatique monteux;663 Imp. de la Trav. du Ventoux 84170 Monteux France;
Parc aquatique ms vacance;552 Chem. de la ParÇe 85560 Longeville-sur-Mer France;
Parking Centre aquatique AurÇo;Av. de la Vall. des PrÇs 14400 Bayeux France;
Parking Centre Aquatique IlÇo;33 Rte du Stade 17550 Dolus-d'OlÇron France;
Parking centre aquatique tri-eau;7083 Rue d'Auray 56150 Baud France;
Parking Parc aquatique;Imp. de la Trav. du Ventoux 84170 Monteux France;
Piscine AquaClub Soustons;61 Av. de Port d'Albret 40140 Soustons France;
Piscine Aqua'Mauges;Rue du Haras 49600 BeauprÇau-en-Mauges France;
Piscine Toboggan Aquatique;81120 Sieurac France;
Sanctuaire Romain Aquae Segetae;Lieu dit le prÇau 45490 Sceaux-du-GÉtinais France;
Terrasse aquatique;2VCV+F9 33230 Coutras France;
TOBBOGAN AQUATIQUE;57400 Langatte France;
ZEcamping 5 parc aquatique club enfant locatif TV BBQ clim 29m2;37800 Sainte-Catherine-de-Fierbois France;
B&B Hotel Magnanville;Rue des Brosses Zac des 78200 Magnanville France;
Bar-Hotel-Restaurant Les voyageurs;11 Av. des Martyrs de la RÇsistance 08150 Renwez France;
Brit Hotel Le Beaulieu Poitiers;3 Rue des Fräres Lumiäre 86000 Poitiers France;
CafÇ du Centre - Bar Hotel Restaurant - Chez Max;13 Rue Jean Monasson 70500 Corre France;
hotel Albatros (IBIS);Imp. de Coat Menguy 29600 Morlaix France;
HOTEL DES BICHES;2 Rue d'Anjou 49340 NuaillÇ France;
Hotel des Dhuits;52330 Colombey les Deux êglises France;
HOTEL DONTENVILLE;94 Rue du MarÇchal Foch 67730 ChÉtenois France;
Hotel Du Centre;13 Rue Jean Monasson 70500 Corre France;
Hotel du chateau;16 Rue de Paris 78600 Maisons-Laffitte France;
Hotel Guinguet' - Lyon Ouest;394 Rte de Sain-Bel 69210 L'Arbresle France;
Hotel Kyriad Thionville;96 Rte du Buchel 57100 Thionville France;
Hotel La FertÇ sous Jouarre;32 Av. Franklin Roosevelt 77260 La FertÇ-sous-Jouarre France;
HOTEL LE REVENTEL;Route nationale 7 Lieu dit 555 D1007 38121 Reventin-Vaugris France;
Hotel Mervil Airport;Rue de l aÇrodrome 59660 Merville France;
Hotel Munier Au Tilleul;393 La Place 68910 Labaroche France;
Hotel Paris Marne La Vallee;3 Pl. Gaston Defferre 77186 Noisiel France;
Hotel Pont-A-Mousson;210 All. de l'Espace Saint-Martin 54700 Pont-Ö-Mousson France;
Hotel Reims Tinqueux;ZAC Le Mont Saint-Pierre 51430 Tinqueux France;
Hotel Restaurant du Phare;7 Rue du Vieux Port 50340 Flamanville France;
Hotel Zenith - Caen;98 Bd Yves Guillou 14000 Caen France;
Hotel'N;Rue De La VallÇe 60700 Fleurines France;
Hotel-Restaurant Saint-Eloi;5 Rue de ChÉlons 10230 Mailly-le-Camp France;
Medicis Hotel 1st;22 Rte de Pommard route de 21200 Beaune France;
sarl hotel de la gare;336 Rue Camille Lugardon 40420 Brocas France;
A l'Hìtel de Ville;21 Grand' Place 59670 Cassel France;
"Ancien Hìpital-Hospice ""Hìtel Dieu""";4 Rue de l'Ancienne Mairie 11580 Alet-les-Bains France;
Appart Hìtel Le Rio;RÇsidence Alia Blvd. Mohamed VI Tanger 90000 Maroc;
ChÉteau d?Izaut-de-l?Hìtel;1 DarrÇ Castet 31160 Izaut-de-l'Hìtel France;
CLASSIC H‚TEL Reims Est - Taissy;12 Rue Edouard Branly 51500 Taissy France;
Confort Hìtel Thouars;1 Imp. Gaston Cherau 79100 Thouars France;
Grand Hìtel Filippo Niederbronn;14 16 Av. Foch 67110 Niederbronn-les-Bains France;
"Hìtel - Bar - Restaurant ""∑ la Ducasse""";1 Place Jeanne d'Arc 88630 Coussey France;
Hìtel / Restaurant Le ChÉtel;La Chapelle de Combressol 19250 Combressol France;
Hìtel A l'Ancre;2 Rte de Lauterbourg 67470 Mothern France;
Hìtel Aladin;3 Les FossÇs de Chars 60240 Bouconvillers France;
Hìtel animalier;Rte de Vougon 18200 Saint-Georges-de-Poisieux France;
Hìtel Bristol;16 Rue Joseph Duriaux 58360 Saint-HonorÇ-les-Bains France;
Hìtel Cante Grit;51 Av. des Thermes 32150 Cazaubon France;
Hìtel Chez Henriette;14 Pl. d'Armes 57370 Phalsbourg France;
Hìtel de BÉle;3 Rue de BÉle 68490 Bantzenheim France;
Hìtel de France;2 Rue de Rennes 50170 Pontorson France;
Hìtel de France - Hìtel - Restaurant - Chaudeyrac - Lozere - Massif Central - Margeride;48170 Chaudeyrac France;
Hìtel de la Bonnaventure;4 Rue de la Bonnaventure 41100 MazangÇ France;
Hìtel de la gare;La Gare Av. de la Gare 61400 Saint-Langis-läs-Mortagne France;
Hìtel de Lorraine - Fourche et Fourchette - Organisateur êvänementiel;63-65 Rue Augistrou 54260 Longuyon France;
H‚TEL DE LUXE Particulier Hammam Sauna Gym - PERCHE - Villa;61190 Tourouvre au Perche France;
Hìtel de Paris;17 Rue de SablÇ 72140 SillÇ-le-Guillaume France;
Hìtel des Corbiäres;17 D6009 11510 Fitou France;
Hìtel du ChÉteau de la Pomaräde;Rue du ChÉteau 11400 La Pomaräde France;
Hìtel du Coeur du Perche - Golf de Bellàme;Domaine du Golf de Bellàme Rue des Sablons 61130 Bellàme France;
Hìtel du Triangle - Talange;Parc d'ActivitÇ Nord 57525 Talange France;
Hìtel Entre Terre et Mer;72 Rte du Canal 71210 êcuisses France;
Hìtel Fleury Merogis;Lotissement la Greffiere Rue du Chàne ∑ Champagne 91700 Fleury-MÇrogis France;
Hìtel Hantonne Earl;1 Hìtel Hautonne 50260 Rauville-la-Bigot France;
